id_estudiante,nota_parcial,asistencia,tareas_entregadas,resultado_final
EST-0001,1.42,37.82,30.35,1
EST-0002,2.38,33.84,38.48,1
EST-0003,7.57,54.82,64.95,0
EST-0004,8.41,89.48,35.18,0
EST-0005,6.6,67.28,72.08,0
EST-0006,10.0,36.85,85.92,0
EST-0007,3.53,48.74,8.09,1
EST-0008,6.86,76.3,69.97,0
EST-0009,3.71,70.54,41.51,1
EST-0010,5.75,44.12,17.46,1
EST-0011,1.31,64.09,15.17,1
EST-0012,2.49,39.51,43.93,1
EST-0013,9.91,100.0,69.21,0
EST-0014,5.23,31.73,14.71,1
EST-0015,10.0,91.69,68.15,0
EST-0016,4.84,34.07,3.77,1
EST-0017,4.94,70.87,77.09,0
EST-0018,4.79,75.35,24.65,1
EST-0019,2.41,49.31,51.91,1
EST-0020,8.23,52.36,45.53,0
EST-0021,2.01,12.27,3.58,1
EST-0022,10.0,89.75,89.58,0
EST-0023,3.46,48.19,37.1,1
EST-0024,5.37,60.59,16.24,1
EST-0025,3.06,24.75,0.21,1
EST-0026,7.95,76.46,100.0,0
EST-0027,6.69,33.22,35.27,1
EST-0028,3.45,58.86,61.85,1
EST-0029,7.46,75.6,86.3,0
EST-0030,8.13,100.0,99.63,0
EST-0031,4.21,44.01,35.97,1
EST-0032,3.23,74.06,65.38,1
EST-0033,4.1,64.86,74.26,0
EST-0034,6.47,60.71,43.97,1
EST-0035,2.9,39.8,59.72,1
EST-0036,3.93,41.13,0.0,1
EST-0037,5.39,51.03,43.99,1
EST-0038,0.78,33.86,0.0,1
EST-0039,4.07,28.54,11.87,1
EST-0040,2.33,48.31,19.83,1
EST-0041,6.35,91.56,71.08,0
EST-0042,3.74,12.53,39.19,1
EST-0043,6.48,36.89,23.2,1
EST-0044,8.86,65.14,97.07,0
EST-0045,1.67,33.23,19.74,1
EST-0046,5.57,72.01,78.48,0
EST-0047,3.49,45.85,33.66,1
EST-0048,2.49,18.45,27.39,1
EST-0049,5.52,72.34,75.72,1
EST-0050,4.37,56.79,8.74,1
EST-0051,7.43,84.17,83.44,0
EST-0052,2.37,20.28,40.72,1
EST-0053,6.12,69.37,49.81,1
EST-0054,4.73,67.82,78.18,1
EST-0055,8.32,59.32,88.52,0
EST-0056,7.47,100.0,90.92,0
EST-0057,6.23,100.0,76.24,0
EST-0058,6.35,100.0,63.59,0
EST-0059,6.01,60.92,55.49,1
EST-0060,1.89,55.75,23.13,1
EST-0061,5.43,80.93,64.83,0
EST-0062,4.93,58.22,11.26,1
EST-0063,6.16,83.44,74.78,0
EST-0064,3.09,50.38,21.14,1
EST-0065,7.27,54.27,37.93,1
EST-0066,5.62,86.1,58.63,1
EST-0067,10.0,77.71,23.36,0
EST-0068,8.96,50.01,87.14,0
EST-0069,9.97,93.07,100.0,0
EST-0070,2.39,60.2,12.43,1
EST-0071,6.96,78.93,74.03,0
EST-0072,10.0,82.35,100.0,0
EST-0073,7.4,79.26,61.47,0
EST-0074,2.84,0.0,39.1,1
EST-0075,6.61,78.03,100.0,0
EST-0076,7.01,93.25,100.0,0
EST-0077,2.67,22.38,21.81,1
EST-0078,6.54,61.62,58.8,0
EST-0079,5.56,52.64,44.96,1
EST-0080,5.04,73.17,80.67,1
EST-0081,9.88,96.39,85.97,0
EST-0082,7.43,93.52,23.21,0
EST-0083,8.01,73.93,60.56,0
EST-0084,2.74,35.51,48.59,1
EST-0085,8.12,74.89,69.13,0
EST-0086,5.21,49.55,10.64,1
EST-0087,5.26,81.92,99.58,0
EST-0088,1.65,36.4,22.65,1
EST-0089,3.26,51.57,66.4,1
EST-0090,7.51,93.64,91.41,0
EST-0091,5.65,98.35,45.52,0
EST-0092,6.13,76.35,41.86,1
EST-0093,4.68,36.89,48.06,1
EST-0094,2.53,32.04,49.97,1
EST-0095,2.66,54.37,22.28,1
EST-0096,6.65,66.64,57.64,1
EST-0097,10.0,61.44,80.12,0
EST-0098,2.95,55.04,58.21,1
EST-0099,1.31,26.58,2.85,1
EST-0100,5.37,41.41,62.39,1
EST-0101,2.59,40.03,26.66,1
EST-0102,2.7,47.25,12.22,1
EST-0103,2.16,17.91,29.68,1
EST-0104,4.8,68.87,34.06,1
EST-0105,2.43,41.29,31.33,1
EST-0106,2.77,52.86,35.67,1
EST-0107,10.0,94.82,89.04,0
EST-0108,3.82,46.47,69.74,1
EST-0109,2.17,32.69,23.07,1
EST-0110,7.83,92.71,88.38,0
EST-0111,5.04,50.0,59.8,1
EST-0112,5.88,51.69,64.32,0
EST-0113,1.2,35.07,15.46,1
EST-0114,6.27,93.94,50.82,0
EST-0115,6.59,37.66,19.09,1
EST-0116,2.22,30.62,11.9,1
EST-0117,4.16,61.55,61.38,1
EST-0118,6.59,90.79,97.01,0
EST-0119,7.73,100.0,88.74,0
EST-0120,8.22,64.41,83.79,0
EST-0121,8.65,83.0,100.0,0
EST-0122,9.25,100.0,77.68,0
EST-0123,5.58,65.69,57.51,0
EST-0124,5.0,74.82,81.37,0
EST-0125,3.29,50.31,45.4,1
EST-0126,4.39,47.87,50.28,1
EST-0127,5.61,43.47,62.85,0
EST-0128,4.24,66.9,11.79,1
EST-0129,8.49,96.05,97.18,0
EST-0130,4.72,39.98,0.0,1
EST-0131,9.0,73.78,33.49,0
EST-0132,8.86,88.68,65.34,0
EST-0133,2.34,14.94,27.66,1
EST-0134,7.91,100.0,73.31,0
EST-0135,7.21,69.39,100.0,0
EST-0136,6.39,55.92,71.8,1
EST-0137,7.17,83.5,11.72,1
EST-0138,3.99,48.33,77.61,1
EST-0139,4.42,74.88,26.31,1
EST-0140,6.34,83.23,96.18,0
EST-0141,2.03,29.46,38.64,1
EST-0142,3.83,40.72,27.65,1
EST-0143,2.94,26.68,23.08,1
EST-0144,5.83,100.0,59.87,0
EST-0145,8.95,97.34,89.24,0
EST-0146,3.18,53.29,62.75,1
EST-0147,2.39,54.63,30.4,1
EST-0148,4.23,80.18,44.6,1
EST-0149,8.82,66.54,52.01,0
EST-0150,6.1,70.25,40.03,1
EST-0151,5.19,55.91,33.8,1
EST-0152,9.8,100.0,96.55,0
EST-0153,2.85,45.64,72.28,1
EST-0154,5.9,57.62,46.11,0
EST-0155,6.36,62.38,78.69,0
EST-0156,5.06,22.23,0.0,1
EST-0157,9.39,75.81,88.63,0
EST-0158,4.95,83.78,100.0,0
EST-0159,6.87,63.42,100.0,0
EST-0160,6.73,76.11,65.79,0
EST-0161,10.0,100.0,70.98,0
EST-0162,4.29,60.75,74.24,1
EST-0163,4.98,69.0,77.78,0
EST-0164,2.44,27.7,24.4,1
EST-0165,5.17,74.69,50.76,1
EST-0166,1.6,56.94,51.96,1
EST-0167,8.69,61.22,60.14,0
EST-0168,6.31,92.45,73.42,0
EST-0169,6.41,52.05,26.58,1
EST-0170,4.41,84.27,36.11,1
EST-0171,3.14,54.02,26.05,1
EST-0172,5.9,71.04,24.82,1
EST-0173,4.41,29.63,32.44,1
EST-0174,7.22,54.73,28.09,1
EST-0175,4.29,52.51,17.6,1
EST-0176,2.9,51.44,51.09,1
EST-0177,1.72,26.82,25.02,1
EST-0178,1.87,42.56,24.25,1
EST-0179,8.0,100.0,72.02,0
EST-0180,5.31,69.28,53.54,1
EST-0181,6.56,52.89,43.99,0
EST-0182,7.17,81.19,52.5,0
EST-0183,5.24,86.6,61.79,0
EST-0184,8.56,83.01,100.0,0
EST-0185,7.59,69.46,61.42,0
EST-0186,3.93,51.39,36.23,1
EST-0187,2.49,37.84,6.56,1
EST-0188,0.96,72.45,24.72,1
EST-0189,9.05,82.34,61.66,0
EST-0190,6.36,52.26,47.74,0
EST-0191,3.45,67.65,80.15,1
EST-0192,6.58,79.11,100.0,0
EST-0193,2.48,41.24,2.4,1
EST-0194,7.09,89.19,90.8,0
EST-0195,3.05,44.43,2.97,1
EST-0196,8.17,86.47,81.84,0
EST-0197,4.01,42.13,37.9,1
EST-0198,4.86,53.82,39.46,1
EST-0199,5.02,58.7,49.97,1
EST-0200,5.84,56.27,86.24,0
EST-0201,5.72,56.67,43.17,1
EST-0202,8.69,99.33,68.79,0
EST-0203,7.99,100.0,100.0,0
EST-0204,4.75,71.98,76.32,0
EST-0205,6.68,59.77,75.67,1
EST-0206,5.57,96.06,51.79,0
EST-0207,5.37,60.42,86.2,1
EST-0208,4.28,30.72,48.96,1
EST-0209,1.16,20.65,10.5,1
EST-0210,9.1,100.0,85.31,0
EST-0211,1.39,50.33,31.34,1
EST-0212,5.52,36.72,27.49,1
EST-0213,7.36,75.83,76.66,0
EST-0214,4.98,66.39,30.43,0
EST-0215,4.45,41.3,35.8,1
EST-0216,6.58,90.85,78.75,0
EST-0217,2.93,58.82,55.09,1
EST-0218,9.21,89.16,90.13,0
EST-0219,5.7,32.68,52.83,1
EST-0220,3.69,56.39,63.64,1
EST-0221,7.46,79.17,35.51,0
EST-0222,5.32,59.47,86.8,0
EST-0223,8.7,86.16,66.42,0
EST-0224,7.25,86.53,43.93,0
EST-0225,6.89,100.0,47.71,0
EST-0226,6.56,53.46,67.23,0
EST-0227,9.79,100.0,100.0,0
EST-0228,6.85,54.46,42.52,1
EST-0229,4.68,23.29,26.24,1
EST-0230,6.62,79.06,63.95,0
EST-0231,7.65,78.26,65.89,0
EST-0232,8.81,78.42,29.85,0
EST-0233,4.37,62.22,56.92,1
EST-0234,0.99,31.37,8.13,1
EST-0235,8.19,89.81,55.02,0
EST-0236,3.64,47.66,58.8,1
EST-0237,5.85,99.2,73.02,0
EST-0238,5.87,47.35,55.63,1
EST-0239,8.45,76.94,100.0,0
EST-0240,0.55,49.24,54.76,1
